{
    "IsEncrypted": false,
  "Values": {
    "AzureWebJobsStorage": "UseDevelopmentStorage=true",
    "FUNCTIONS_WORKER_RUNTIME": "dotnet-isolated",
    "AzureTopicConnection": "Endpoint=sb://topicproductdataprocessor.servicebus.windows.net/;SharedAccessKeyName=RootManageSharedAccessKey;SharedAccessKey=pPO8PLa9DbfdH04s1Nzh2s3/5WYBmUrXw+ASbGGC1d4="
    //"Endpoint=sb://topicproductdataprocessor.servicebus.windows.net/;SharedAccessKeyName=RootManageSharedAccessKey;SharedAccessKey=pPO8PLa9DbfdH04s1Nzh2s3/5WYBmUrXw+ASbGGC1d4="

  }
}